Jitter (local),"Jitter (local, absolute)",Jitter (rap),Jitter (ppq5),Jitter (ddp),Shimmer (local),"Shimmer (local, dB)",Shimmer (apq3),Shimmer (apq5),Shimmer (apq11),Shimmer (dda),Median Pitch,Mean Pitch,Standard Deviation,Number of pulses,Number of periods
1.060696262406608,3.4964881612725077e-05,0.005195685071013156,0.004956994792806214,0.015587055213039467,0.09586294757040872,0.8793698977839071,0.0430165299640649,0.055368620202853616,0.06291087523094714,0.1290495898921947,299.5095778830094,304.72970107691015,38.456874434370484,1126.0,1091.0
